codigo,univComp
20010101,7
20010201,4
20010202,2
20010203,1
20010204,0
20010205,1
20010206,1
20010207,2
20010208,2
20010209,2
20010210,1
20010211,2
20010212,3
20010213,5
20010214,6
20010215,3
20010216,10
20010217,4
20010218,3
20010219,1
20010301,1
20010302,3
20010303,2
20010304,4
20010305,2
20010306,6
20010307,1
20010308,3
20010309,6
20010310,3
20010311,4
20010312,2
20010313,4
20010314,2
20010315,3
20010316,3
20010317,0
20010318,4
20010319,4
20010320,1
20010321,2
20010322,2
20010323,3
20010401,219
20010402,217
20010403,169
20010404,264
20010405,151
20010406,211
20010407,194
20010408,171
20010501,135
20010502,107
20010503,178
20010504,228
20010505,115
20010506,176
20010507,123
20010601,170
20010602,116
20010603,253
20010604,222
20010605,75
20010606,132
20010607,107
20010608,124
20010609,219
20010610,91
20010701,114
20010702,55
20010703,45
20010704,105
20010705,55
20010706,24
20010707,77
20010708,77
20010709,59
20010710,73
20010711,53
20010712,56
20010713,17
20010801,63
20010802,212
20010803,187
20010804,106
20010805,63
20010806,229
20010807,239
20010808,74
20010809,104
20010810,59
20010901,57
20010902,31
20010903,65
20010904,38
20010905,42
20010906,34
20010907,80
20010908,43
20010909,69
20010910,30
20010911,38
20010912,25
20010913,101
20010914,22
20010915,14
20010916,48
20010917,44
20010918,63
20010919,10
20011001,49
20011002,104
20011003,166
20011004,95
20011005,88
20011006,103
20011007,32
20011008,38
20011009,37
20011010,80
20011011,107
20011012,90
20011013,100
20011014,20
20011101,50
20011102,67
20011103,21
20011104,94
20011105,54
20011106,54
20011107,79
20011108,102
20011109,62
20011110,65
20011111,18
20011112,103
20011113,86
20011114,84
20011201,27
20011202,39
20011203,63
20011204,24
20011205,72
20011206,39
20011207,63
20011208,31
20011209,81
20011210,29
20011211,32
20011212,22
20011301,77
20011302,42
20011303,8
20011304,74
20011305,93
20011306,62
20011307,146
20011308,77
20011309,95
20011310,137
20011311,70
20011312,80
20011313,56
20011314,24
20011315,0
20011401,55
20011402,16
20011403,36
20011404,11
20011405,35
20011406,62
20011407,56
20011408,28
20011409,41
20011410,75
20011411,61
20011412,56
20011501,39
20011502,59
20011503,76
20011504,131
20011505,34
20011506,58
20011507,55
20011508,43
20011509,64
20011510,53
20011511,44
20011601,28
20011602,33
20011603,93
20011604,86
20011605,36
20011606,44
20011607,100
20011608,51
20011609,48
20011610,73
20011611,47
20011612,25
20011701,70
20011702,67
20011703,54
20011704,54
20011705,64
20011706,64
20011707,53
20011708,39
20011709,30
20011710,57
20011711,43
20011801,76
20011802,90
20011803,33
20011804,56
20011805,54
20011806,78
20011807,53
20011808,60
20011809,74
20011901,72
20011902,95
20011903,36
20011904,53
20011905,51
20011906,26
20011907,49
20011908,16
20011909,44
20012001,50
20012002,40
20012003,41
20012004,55
20012005,56
20012006,59
20012007,31
20012008,25
20012009,32
20012010,37
20012101,37
20012102,47
20012103,22
20012104,64
20012105,45
20012106,35
20012107,45
20012108,43
20012109,50
20012110,76
20012201,72
20012202,76
20012203,77
20012204,38
20012205,40
20012206,68
20012207,48
20012208,37
20012209,70
20012210,101
20012301,66
20012302,51
20012303,96
20012304,27
20012305,46
20012306,42
20012307,36
20012308,82
20012309,82
20012310,30
20012401,19
20012402,35
20012403,43
20012404,35
20012405,34
20012406,88
20012407,69
20012408,39
20012501,52
20012502,52
20012503,56
20012504,83
20012505,54
20012506,72
20012507,45
20012508,74
20012509,25
20012510,45
20012511,78
20012601,38
20012602,69
20012603,51
20012604,61
20012605,61
20012606,48
20012607,26
20012608,37
20012609,68
20012701,37
20012702,19
20012703,17
20012704,16
20012705,26
20012706,11
20012707,22
20012708,32
20012709,40
20012710,64
20012801,19
20012802,31
20012803,23
20012804,53
20012805,34
20012806,16
20012807,37
20012808,16
20012809,17
20012810,24
20012811,16
20012812,16
20012813,34
20012901,38
20012902,12
20012903,15
20012904,33
20012905,33
20012906,91
20012907,38
20012908,16
20012909,36
20020101,0
20020102,1
20020201,99
20020202,191
20020203,123
20020204,99
20020205,115
20020206,74
20020207,66
20020208,144
20020301,170
20020302,167
20020303,45
20020304,86
20020305,139
20020306,109
20020307,183
20020308,132
20020401,138
20020402,45
20020403,80
20020404,79
20020405,137
20020406,99
20020407,105
20020408,217
20020409,168
20020410,196
20020501,112
20020502,158
20020503,122
20020504,108
20020505,144
20020506,161
20020507,163
20020508,140
20020509,117
20020601,87
20020602,275
20020603,122
20020604,173
20020605,73
20020606,122
20020607,84
20020608,84
20020609,113
20020610,89
20020701,269
20020702,227
20020703,169
20020704,131
20020705,110
20020706,122
20020707,178
20020708,58
20020709,97
20020801,135
20020802,138
20020803,188
20020804,210
20020805,166
20020806,251
20020807,323
20020808,170
20020901,170
20020902,96
20020903,197
20020904,226
20020905,206
20020906,179
20020907,206
20020908,269
20020909,213
20021001,200
20021002,143
20021003,89
20021004,154
20021005,147
20021006,150
20021007,188
20021008,182
20021009,115
20021101,266
20021102,101
20021103,298
20021104,281
20021105,54
20021106,114
20021201,191
20021202,167
20021203,193
20021204,290
20021205,262
20021206,199
20021301,260
20021302,155
20021303,213
20021304,249
20021305,244
20021306,152
20021307,247
20021401,109
20021402,131
20021403,64
20021404,147
20021405,226
20021406,200
20021407,135
20021408,148
20021409,243
20021410,201
20021501,134
20021502,171
20021503,318
20021504,151
20021505,108
20021506,125
20021507,147
20021508,142
20021601,123
20021602,136
20021603,145
20021604,133
20021605,170
20021606,133
20021607,145
20021608,95
20021701,197
20021702,159
20021703,183
20021704,52
20021705,120
20021706,186
20021707,178
20021708,166
20021709,144
20021801,149
20021802,232
20021803,159
20021804,87
20021805,101
20021806,123
20021807,103
20021808,95
20021901,136
20021902,98
20021903,119
20021904,167
20021905,124
20021906,124
20021907,104
20021908,106
20022001,165
20022002,131
20022003,134
20022004,113
20022005,88
20022006,110
20022007,89
20022008,105
20022101,215
20022102,183
20022103,128
20022104,185
20022105,191
20022106,162
20022201,146
20022202,119
20022203,113
20022204,202
20022205,248
20022206,218
20022301,177
20022302,223
20022303,182
20022304,156
20022305,117
20022306,87
20022307,88
20022308,66
20022309,184
20022401,201
20022402,153
20022403,157
20022404,178
20022405,164
20022406,179
20022501,133
20022502,133
20022503,66
20022504,147
20022505,155
20022506,82
20022507,126
20022508,194
20022509,146
20022510,102
20022511,141
20030101,109
20030102,96
20030103,134
20030104,52
20030105,49
20030106,28
20030107,21
20030108,17
20030109,38
20030110,31
20030111,48
20030201,68
20030202,88
20030203,63
20030204,67
20030205,56
20030206,48
20030207,73
20030208,67
20030209,61
20030210,41
20030211,61
20030212,81
20030301,118
20030302,112
20030303,68
20030304,55
20030305,57
20030306,70
20030307,52
20030308,66
20030309,34
20030310,52
20030311,0
20030401,100
20030402,49
20030403,79
20030404,58
20030405,40
20030406,75
20030407,59
20030408,53
20030501,82
20030502,61
20030503,123
20030504,74
20030505,98
20030506,72
20030507,141
20030601,96
20030602,39
20030603,107
20030604,101
20030605,69
20030606,65
20030607,83
20030701,26
20030702,112
20030703,112
20030704,85
20030705,71
20030706,62
20030707,123
20030708,38
20030709,75
20030801,87
20030802,52
20030803,90
20030804,46
20030805,41
20030806,52
20030807,24
20030808,29
20030809,49
20030810,42
20030901,67
20030902,44
20030903,76
20030904,68
20030905,28
20030906,25
20030907,27
20030908,44
20030909,60
20030910,60
20031001,57
20031002,62
20031003,45
20031004,72
20031005,42
20031006,66
20031007,62
20031008,49
20031101,100
20031102,71
20031103,60
20031104,110
20031105,74
20031106,108
20031107,103
20031108,73
20031201,73
20031202,98
20031203,65
20031204,43
20031205,114
20031206,7
20031207,103
20031208,52
20031209,39
20031210,46
20031301,70
20031302,55
20031303,85
20031304,39
20031305,63
20031306,72
20031307,69
20031308,46
20031309,78
20031310,42
20031311,46
20031401,28
20031402,47
20031403,76
20031404,38
20031405,47
20031406,115
20031407,36
20031408,42
20031409,3
20031410,56
20031501,63
20031502,67
20031503,37
20031504,84
20031505,85
20031506,58
20031507,111
20031508,120
20031509,17
20031601,70
20031602,102
20031603,68
20031604,35
20031605,23
20031606,40
20031607,52
20031608,43
20031609,148
20031701,43
20031702,39
20031703,30
20031704,31
20031705,31
20031706,42
20031707,62
20031708,42
20031709,36
20031801,30
20031802,30
20031803,38
20031804,74
20031805,19
20031806,23
20031807,33
20031808,41
20031809,55
20031810,29
20031811,45
20031901,95
20031902,32
20031903,57
20031904,52
20031905,59
20031906,51
20031907,65
20031908,73
20031909,60
20031910,29
20032001,31
20032002,94
20032003,64
20032004,59
20032005,39
20032006,23
20032007,59
20032008,57
20032009,80
20032010,45
20032011,51
20032101,69
20032102,74
20032103,62
20032104,67
20032105,29
20032106,46
20032107,39
20032108,62
20032109,35
20032110,67
20032201,44
20032202,58
20032203,25
20032204,49
20032205,46
20032206,57
20032207,30
20032208,58
20032209,55
20032301,52
20032302,68
20032303,82
20032304,19
20032305,37
20032306,38
20032307,55
20032308,38
20032309,25
20032310,57
20032401,36
20032402,39
20032403,35
20032404,48
20032405,30
20032406,64
20032407,85
20032408,46
20032409,39
20032501,139
20032502,45
20032503,27
20032504,41
20032505,59
20032506,30
20032507,29
20032508,106
20032509,43
20032601,68
20032602,76
20032603,45
20032604,48
20032605,62
20032606,40
20032607,48
20032608,37
20032609,30
20032701,78
20032702,58
20032703,53
20032704,45
20032705,30
20032706,38
20032707,57
20040101,9
20040102,11
20040103,7
20040104,9
20040105,3
20040106,6
20040107,6
20040108,8
20040109,15
20040110,4
20040111,5
20040112,9
20040113,9
20040114,9
20040201,20
20040202,17
20040203,33
20040204,17
20040205,14
20040206,19
20040207,27
20040208,13
20040209,9
20040210,7
20040301,36
20040302,17
20040303,13
20040304,19
20040305,31
20040306,31
20040307,20
20040308,26
20040309,14
20040310,28
20040311,16
20040312,12
20040313,7
20040401,20
20040402,40
20040403,41
20040404,33
20040405,36
20040406,18
20040407,33
20040408,25
20040409,19
20040410,18
20040411,25
20040501,69
20040502,32
20040503,52
20040504,24
20040505,34
20040506,48
20040507,23
20040508,23
20040509,42
20040510,17
20040511,26
20040601,80
20040602,32
20040603,39
20040604,64
20040605,40
20040606,61
20040607,42
20040608,53
20040609,51
20040610,41
20040611,51
20040701,53
20040702,47
20040703,20
20040704,86
20040705,45
20040706,41
20040707,62
20040708,42
20040709,42
20040710,34
20040711,27
20040712,26
20040801,50
20040802,44
20040803,34
20040804,39
20040805,41
20040806,31
20040807,84
20040808,4
20040809,22
20040810,17
20040811,19
20040901,9
20040902,12
20040903,7
20040904,9
20040905,13
20040906,11
20040907,18
20041001,1
20041002,11
20041003,4
20041004,0
20041005,27
20041006,1
20041007,2
20041008,0
20041009,3
20041101,22
20041102,58
20041103,31
20041104,26
20041105,17
20041106,20
20041107,13
20041108,29
20041109,13
20041201,24
20041202,11
20041203,46
20041204,28
20041205,29
20041206,14
20041207,20
20041208,31
20041209,72
20041210,20
20041211,62
20041212,41
20041301,132
20041302,61
20041303,57
20041304,64
20041305,87
20041306,26
20041307,131
20041308,47
20041309,48
20041310,42
20041311,91
20041401,32
20041402,45
20041403,56
20041404,99
20041405,64
20041406,55
20041407,44
20041408,96
20041409,60
20041501,51
20041502,121
20041503,140
20041504,57
20041505,42
20041506,35
20041507,46
20041508,58
20041509,46
20041510,31
20041601,27
20041602,124
20041603,27
20041604,26
20041605,50
20041606,31
20041607,12
20041608,10
20041609,44
20041610,30
20041701,56
20041702,45
20041703,25
20041704,52
20041705,39
20041706,58
20041707,43
20041708,35
20041709,61
20041710,17
20041801,2
20041901,15
20041902,30
20041903,31
20041904,12
20041905,23
20041906,11
20041907,6
20041908,9
20041909,8
20041910,14
20042001,18
20042002,22
20042003,9
20042004,4
20042005,11
20042006,18
20042007,18
20042008,10
20042009,12
20042010,19
20042011,26
20042012,38
20042101,9
20042102,2
20042103,19
20042104,8
20042105,11
20042106,16
20042107,17
20042108,6
20042109,6
20042110,4
20042111,8
20042112,12
20042201,44
20042202,47
20042203,87
20042204,68
20042205,49
20042206,68
20042207,83
20042208,36
20042209,19
20042210,24
20042211,43
20042212,17
20042301,9
20042302,18
20042303,22
20042304,18
20042305,31
20042306,38
20042307,26
20042308,25
20042309,9
20042310,18
20042311,6
20042312,9
20042401,0
20042402,4
20042403,1
20042404,0
20042405,2
20042406,6
20042501,4
20042502,5
20042503,17
20042504,3
20042601,1
20042602,4
20042603,4
20050101,73
20050102,124
20050103,83
20050104,111
20050105,135
20050106,48
20050107,75
20050108,96
20050109,96
20050110,66
20050201,108
20050202,68
20050203,107
20050204,155
20050205,67
20050206,53
20050207,41
20050208,165
20050209,80
20050210,56
20050211,94
20050301,71
20050302,112
20050303,14
20050304,53
20050305,78
20050306,75
20050307,60
20050308,46
20050309,59
20050310,44
20050311,88
20050401,117
20050402,96
20050403,87
20050404,85
20050405,82
20050406,136
20050407,62
20050408,148
20050409,76
20050501,85
20050502,173
20050503,106
20050504,75
20050505,75
20050506,85
20050507,83
20050508,100
20050601,109
20050602,136
20050603,120
20050604,188
20050605,152
20050606,82
20050607,110
20050608,121
20050701,131
20050702,62
20050703,71
20050704,163
20050705,133
20050706,58
20050707,41
20050708,81
20050801,139
20050802,81
20050803,158
20050804,118
20050805,44
20050806,94
20050807,110
20050808,95
20050809,91
20050901,126
20050902,75
20050903,71
20050904,59
20050905,79
20050906,70
20050907,55
20050908,82
20050909,101
20050910,79
20051001,129
20051002,146
20051003,30
20051004,57
20051005,42
20051006,74
20051007,112
20051008,77
20051009,86
20051010,62
20051101,131
20051102,108
20051103,88
20051104,86
20051105,97
20051106,90
20051107,109
20051108,75
20051109,87
20051110,106
20051201,60
20051202,251
20051203,141
20051204,74
20051205,54
20051206,231
20051207,87
20051301,127
20051302,88
20051303,100
20051304,76
20051305,83
20051306,134
20051307,92
20051308,140
20051309,145
20051401,92
20051402,68
20051403,100
20051404,105
20051405,195
20051406,155
20051407,34
20051408,85
20051409,91
20051501,98
20051502,113
20051503,55
20051504,133
20051505,103
20051506,89
20051507,76
20051508,46
20051509,15
20051601,97
20051602,45
20051603,32
20051604,49
20051605,68
20051606,46
20051607,39
20051608,66
20051609,70
20051610,54
20051611,95
20051701,58
20051702,78
20051703,76
20051704,69
20051705,103
20051706,90
20051707,110
20051708,98
20051709,43
20051710,60
20051711,111
20051801,103
20051802,81
20051803,65
20051804,62
20051805,58
20051806,49
20051807,73
20051808,22
20051809,52
20051810,69
20051811,74
20051901,64
20051902,45
20051903,67
20051904,69
20051905,42
20051906,61
20051907,34
20051908,90
20051909,60
20051910,71
20051911,97
20052001,34
20052002,55
20052003,41
20052004,43
20052005,36
20052006,34
20052007,40
20052008,40
20052009,39
20052010,44
20052011,46
20052012,23
20052101,82
20052102,54
20052103,39
20052104,66
20052105,47
20052106,56
20052107,48
20052108,26
20052109,39
20052110,34
20052111,39
20052201,48
20052202,39
20052203,43
20052204,60
20052205,44
20052206,53
20052207,90
20052208,31
20052209,36
20052210,40
20052211,50
20052212,36
20052213,23
20060101,45
20060102,44
20060103,66
20060104,44
20060105,96
20060106,66
20060107,55
20060108,60
20060109,45
20060110,35
20060111,60
20060112,59
20060201,114
20060202,103
20060203,60
20060204,61
20060205,71
20060206,110
20060207,75
20060208,110
20060209,82
20060210,89
20060211,166
20060301,80
20060302,80
20060303,82
20060304,73
20060305,60
20060306,76
20060307,91
20060308,80
20060309,116
20060310,99
20060401,41
20060402,68
20060403,96
20060404,81
20060405,78
20060406,82
20060407,52
20060408,115
20060409,81
20060410,102
20060411,107
20060501,77
20060502,120
20060503,104
20060504,78
20060505,124
20060506,85
20060507,87
20060508,60
20060509,78
20060510,91
20060511,139
20060512,28
20060601,132
20060602,320
20060603,143
20060604,62
20060605,65
20060606,102
20060607,94
20060608,112
20060609,112
20060701,83
20060702,110
20060703,74
20060704,98
20060705,85
20060706,75
20060707,121
20060708,77
20060709,114
20060710,101
20060711,81
20060712,86
20060713,85
20060801,101
20060802,142
20060803,84
20060804,83
20060805,86
20060806,149
20060807,98
20060808,174
20060809,62
20060810,114
20060901,74
20060902,91
20060903,92
20060904,177
20060905,32
20060906,133
20060907,66
20060908,76
20060909,148
20060910,102
20061001,74
20061002,50
20061003,113
20061004,80
20061005,151
20061006,127
20061007,87
20061008,181
20061009,82
20061010,155
20061101,112
20061102,54
20061103,97
20061104,118
20061105,64
20061106,94
20061107,85
20061108,98
20061109,66
20061110,58
20061201,65
20061202,55
20061203,52
20061204,43
20061205,111
20061206,66
20061207,98
20061208,103
20061209,102
20061210,79
20061211,84
20061212,48
20061301,89
20061302,170
20061303,107
20061304,165
20061305,123
20061306,73
20061307,135
20061308,161
20061309,146
20061401,149
20061402,82
20061403,124
20061404,154
20061405,142
20061406,174
20061407,81
20061408,85
20061409,118
20061410,139
20061501,102
20061502,218
20061503,116
20061504,112
20061505,108
20061506,120
20061507,98
20061508,105
20061509,66
20061510,133
20061601,75
20061602,122
20061603,132
20061604,105
20061605,127
20061606,156
20061607,139
20061608,216
20061609,130
20061610,157
20061611,115
20061701,113
20061702,123
20061703,86
20061704,120
20061705,211
20061706,109
20061707,84
20061801,93
20061802,79
20061803,88
20061804,136
20061805,135
20061806,179
20061807,175
20061808,147
20061809,120
20061901,145
20061902,238
20061903,201
20061904,135
20061905,93
20061906,164
20061907,128
20061908,114
20062001,67
20062002,70
20062003,137
20062004,84
20062005,132
20062006,139
20062007,72
20062008,176
20062009,116
20062010,110
20062101,75
20062102,147
20062103,143
20062104,60
20062105,118
20062106,66
20062107,97
20062108,139
20062109,91
20062110,88
20062111,100
20070101,34
20070102,38
20070103,35
20070104,32
20070105,11
20070106,27
20070107,26
20070108,43
20070109,33
20070110,65
20070201,57
20070202,82
20070203,55
20070204,101
20070205,47
20070206,50
20070207,41
20070208,52
20070209,70
20070301,51
20070302,91
20070303,92
20070304,91
20070305,73
20070306,68
20070307,124
20070308,63
20070309,53
20070310,110
20070401,69
20070402,45
20070403,144
20070404,133
20070405,86
20070406,156
20070407,151
20070408,150
20070409,40
20070410,112
20070501,117
20070502,78
20070503,81
20070504,116
20070505,147
20070506,65
20070507,64
20070508,56
20070509,99
20070601,92
20070602,52
20070603,39
20070604,47
20070605,63
20070606,64
20070607,92
20070608,41
20070609,78
20070701,40
20070702,29
20070703,81
20070704,48
20070705,52
20070706,70
20070707,34
20070708,41
20070709,53
20070710,103
20070711,55
20070801,64
20070802,66
20070803,47
20070804,62
20070805,62
20070806,60
20070807,85
20070808,62
20070901,65
20070902,71
20070903,43
20070904,74
20070905,48
20070906,66
20070907,55
20070908,70
20070909,40
20070910,49
20070911,31
20071001,79
20071002,41
20071003,57
20071004,78
20071005,67
20071006,88
20071007,91
20071008,121
20071009,72
20071010,105
20071101,65
20071102,120
20071103,87
20071104,103
20071105,77
20071106,87
20071107,155
20071108,139
20071109,120
20071110,74
20071201,110
20071202,41
20071203,54
20071204,76
20071205,62
20071206,71
20071207,42
20071208,25
20071209,47
20071301,61
20071302,71
20071303,111
20071304,69
20071305,115
20071306,86
20071307,42
20071308,30
20071309,39
20071310,67
20071311,75
20071312,42
20071313,46
20071314,54
20071315,40
20071401,44
20071402,50
20071403,44
20071404,45
20071405,54
20071406,62
20071407,47
20071408,58
20071409,28
20071410,41
20071411,44
20071412,60
20071413,30
20071501,11
20071502,25
20071503,33
20071504,25
20071505,25
20071506,27
20071507,21
20071508,18
20071509,20
20071510,13
20071511,17
20071601,50
20071602,37
20071603,52
20071604,32
20071605,35
20071606,52
20071607,30
20071608,22
20071609,31
20071701,6
20071702,2
20071703,8
20071704,3
20071705,3
20071706,8
20071707,13
20071708,2
20071709,9
20071710,5
20071711,3
20071801,3
20071802,1
20071803,2
20071804,7
20071805,4
20071806,4
20071807,6
20071808,5
20071809,7
20071810,7
20071811,3
20071901,7
20071902,11
20071903,5
20071904,8
20071905,4
20071906,10
20072001,66
20072002,36
20072003,51
20072004,22
20072005,33
20072006,37
20072007,29
20072008,37
20072009,22
20072010,16
20072011,25
20072012,12
20072013,26
20072101,92
20072102,124
20072103,110
20072104,56
20072105,74
20072106,126
20072107,53
20072108,25
20072109,62
20072110,89
20072111,49
20072112,69
20072201,62
20072202,112
20072203,93
20072204,103
20072205,85
20072206,80
20072207,60
20072208,63
20072209,53
20072210,52
20072211,74
20072212,41
20072213,69
20072301,65
20072302,112
20072303,96
20072304,69
20072305,57
20072306,48
20072307,58
20072308,52
20072309,54
20072401,57
20072402,52
20072403,49
20072404,54
20072405,52
20072406,54
20072407,47
20072408,28
20072409,44
20072410,34
20072411,41
20080101,3
20080102,7
20080103,1
20080104,2
20080105,3
20080106,7
20080107,0
20080108,7
20080109,8
20080110,5
20080111,2
20080112,7
20080201,10
20080202,1
20080203,4
20080204,5
20080205,4
20080206,7
20080207,13
20080208,9
20080209,11
20080210,13
20080301,14
20080302,11
20080303,6
20080304,15
20080305,26
20080306,8
20080307,8
20080308,2
20080309,5
20080310,2
20080401,13
20080402,10
20080403,12
20080404,14
20080405,26
20080406,20
20080407,12
20080408,18
20080409,25
20080410,18
20080411,18
20080501,19
20080502,14
20080503,21
20080504,15
20080505,7
20080506,11
20080507,14
20080508,14
20080509,24
20080510,29
20080511,20
20080601,21
20080602,31
20080603,15
20080604,14
20080605,17
20080606,11
20080607,13
20080608,21
20080609,15
20080610,14
20080611,18
20080701,9
20080702,10
20080703,6
20080704,3
20080705,3
20080706,0
20080707,2
20080708,3
20080709,7
20080710,4
20080711,11
20080712,6
20080713,9
20080714,7
20080801,12
20080802,32
20080803,30
20080804,40
20080805,21
20080806,39
20080807,43
20080808,25
20080809,15
20080810,19
20080811,23
20080901,14
20080902,18
20080903,29
20080904,13
20080905,61
20080906,8
20080907,27
20080908,20
20080909,25
20081001,15
20081002,13
20081003,13
20081004,51
20081005,26
20081006,32
20081007,24
20081008,13
20081101,46
20081102,35
20081103,51
20081104,33
20081105,19
20081201,28
20081202,30
20081203,17
20081204,14
20081205,44
20081206,23
20081207,23
20081301,0
20081302,2
20081303,4
20081304,17
20081305,10
20081306,11
20081307,7
20081308,8
20081401,3
20081402,6
20081403,6
20081404,5
20081405,11
20081406,4
20081407,10
20081408,12
20081409,4
20081410,6
20081501,6
20081502,2
20081503,5
20081504,0
20081505,6
20081506,2
20081507,2
20081508,3
20081509,10
20081510,9
20081601,5
20081602,3
20081603,3
20081604,4
20081605,3
20081606,9
20081607,3
20081608,6
20081609,5
20081610,7
20081701,19
20081702,18
20081703,17
20081704,32
20081705,20
20090101,20
20090102,21
20090103,39
20090104,29
20090105,29
20090106,27
20090107,34
20090108,24
20090109,43
20090201,49
20090202,41
20090203,54
20090204,56
20090205,63
20090206,31
20090207,43
20090208,37
20090209,45
20090210,40
20090211,56
20090212,28
20090301,29
20090302,35
20090303,48
20090304,51
20090305,41
20090306,46
20090307,75
20090308,39
20090309,36
20090310,44
20090311,42
20090312,32
20090313,28
20090401,38
20090402,34
20090403,41
20090404,42
20090405,37
20090406,24
20090407,23
20090408,25
20090409,35
20090410,42
20090411,44
20090501,31
20090502,49
20090503,26
20090504,28
20090505,51
20090506,34
20090507,41
20090508,38
20090509,54
20090510,39
20090511,36
20090601,44
20090602,28
20090603,38
20090604,33
20090605,49
20090606,23
20090607,53
20090608,27
20090609,70
20090610,36
20090611,26
20090612,26
20090701,34
20090702,35
20090703,21
20090704,34
20090705,33
20090706,32
20090707,37
20090708,37
20090709,32
20090710,18
20090711,25
20090712,34
20090713,33
20090714,29
20090801,29
20090802,24
20090803,45
20090804,36
20090805,26
20090806,31
20090807,13
20090808,32
20090809,10
20090810,25
20090811,17
20090812,21
20090813,13
20090901,28
20090902,14
20090903,55
20090904,6
20090905,9
20090906,29
20090907,41
20090908,17
20090909,17
20090910,19
20090911,11
20090912,21
20090913,16
20090914,26
20091001,44
20091002,33
20091003,30
20091004,31
20091005,39
20091006,35
20091007,30
20091008,56
20091009,21
20091010,44
20091011,24
20091012,21
20091101,64
20091102,52
20091103,36
20091104,59
20091105,73
20091106,41
20091107,40
20091108,40
20091109,34
20091110,21
20091111,39
20091112,42
20091201,42
20091202,21
20091203,24
20091204,29
20091205,23
20091206,24
20091207,33
20091208,30
20091209,30
20091210,30
20091211,17
20091212,21
20091301,33
20091302,34
20091303,30
20091304,22
20091305,22
20091306,17
20091307,15
20091401,30
20091402,24
20091403,14
20091404,3
20091405,3
20091406,7
20091407,3
20091408,3
20091409,6
20091410,10
20091501,12
20091502,5
20091503,8
20091504,19
20091505,22
20091506,28
20091507,12
20091508,21
20091509,12
20091510,12
20091511,17
20091601,15
20091602,22
20091603,9
20091604,11
20091605,9
20091606,16
20091607,15
20091608,13
20091609,21
20091610,12
20091611,6
20091612,12
20091613,10
20100101,38
20100102,49
20100103,48
20100104,47
20100105,28
20100106,41
20100107,49
20100108,49
20100201,52
20100202,46
20100203,28
20100204,49
20100205,55
20100206,82
20100207,39
20100208,59
20100301,39
20100302,49
20100303,78
20100304,48
20100305,43
20100306,44
20100307,49
20100308,46
20100401,80
20100402,94
20100403,57
20100404,58
20100405,54
20100406,54
20100407,41
20100408,40
20100409,53
20100501,20
20100502,36
20100503,52
20100504,32
20100505,51
20100506,29
20100507,38
20100508,45
20100509,32
20100510,40
20100511,39
20100512,30
20100513,32
20100514,40
20100601,29
20100602,28
20100603,57
20100604,54
20100605,64
20100606,49
20100607,59
20100608,61
20100609,42
20100610,53
20100611,42
20100612,59
20100613,61
20100701,58
20100702,64
20100703,70
20100704,68
20100705,41
20100706,48
20100707,71
20100708,60
20100709,51
20100710,48
20100801,61
20100802,61
20100803,63
20100804,61
20100805,42
20100806,53
20100807,61
20100808,45
20100809,45
20100901,58
20100902,42
20100903,47
20100904,46
20100905,39
20100906,52
20100907,38
20100908,42
20100909,39
20100910,37
20101001,32
20101002,54
20101003,69
20101004,59
20101005,50
20101006,61
20101007,50
20101008,51
20101009,49
20101010,47
20101011,32
20101012,42
20101101,45
20101102,59
20101103,42
20101104,45
20101105,46
20101106,24
20101107,54
20101108,50
20101109,75
20101110,53
20101111,32
20101201,73
20101202,82
20101203,50
20101204,31
20101205,22
20101206,26
20101207,40
20101208,38
20101209,54
20101210,29
20101301,44
20101302,34
20101303,34
20101304,45
20101305,45
20101306,56
20101307,40
20101308,74
20101309,51
20101310,58
20101311,47
20101312,52
20101401,59
20101402,29
20101403,37
20101404,50
20101405,51
20101406,40
20101407,47
20101408,28
20101409,37
20101410,56
20101411,31
20101501,34
20101502,56
20101503,29
20101504,34
20101505,52
20101506,37
20101507,23
20101508,41
20101509,69
20101601,38
20101602,44
20101603,33
20101604,58
20101605,71
20101606,60
20101607,45
20101608,37
20101609,61
20101701,57
20101702,56
20101703,57
20101704,104
20101705,62
20101706,48
20101707,40
20101708,37
20101709,29
20101710,34
20101801,36
20101802,40
20101803,44
20101804,54
20101805,54
20101806,46
20101807,57
20101808,32
20101809,107
20101810,28
20101811,28
20101812,34
20101901,35
20101902,60
20101903,36
20101904,45
20101905,55
20101906,51
20101907,81
20101908,26
20101909,51
20101910,50
20101911,70
20101912,83
20110101,58
20110102,58
20110103,36
20110104,56
20110105,36
20110106,55
20110107,59
20110108,52
20110109,62
20110110,78
20110111,99
20110112,54
20110201,63
20110202,69
20110203,62
20110204,62
20110205,94
20110206,81
20110207,79
20110208,94
20110209,66
20110210,112
20110211,85
20110301,94
20110302,112
20110303,75
20110304,74
20110305,77
20110306,90
20110307,77
20110308,83
20110309,86
20110310,96
20110311,69
20110312,58
20110401,90
20110402,99
20110403,65
20110404,120
20110405,85
20110406,78
20110407,102
20110408,90
20110409,101
20110410,67
20110411,82
20110412,94
20110413,94
20110501,55
20110502,86
20110503,100
20110504,68
20110505,60
20110506,57
20110507,55
20110508,51
20110509,38
20110510,58
20110601,67
20110602,71
20110603,75
20110604,48
20110605,55
20110606,35
20110607,51
20110608,33
20110609,39
20110610,24
20110611,32
20110701,18
20110702,41
20110703,61
20110704,57
20110705,62
20110706,72
20110707,47
20110708,56
20110709,67
20110710,56
20110711,41
20110712,20
20110801,86
20110802,78
20110803,50
20110804,69
20110805,60
20110806,77
20110807,62
20110808,97
20110809,71
20110901,82
20110902,79
20110903,124
20110904,51
20110905,85
20110906,64
20110907,67
20110908,77
20110909,58
20110910,90
20110911,58
20110912,63
20111001,68
20111002,88
20111003,72
20111004,106
20111005,105
20111006,123
20111007,95
20111008,70
20111009,81
20111010,55
20111101,31
20111102,62
20111103,36
20111104,13
20111105,55
20111106,67
20111107,46
20111108,37
20111109,39
20111201,48
20111202,44
20111203,77
20111204,48
20111205,52
20111206,71
20111207,43
20111208,55
20111209,38
20111210,48
20111301,76
20111302,77
20111303,64
20111304,63
20111305,82
20111306,84
20111307,65
20111308,71
20111309,85
20111310,56
20111311,60
20111401,64
20111402,56
20111403,60
20111404,38
20111405,73
20111406,60
20111407,113
20111501,49
20111502,51
20111503,51
20111504,82
20111505,60
20111506,49
20111507,63
20111508,58
20111509,56
20111510,65
20111511,67
20111601,50
20111602,71
20111603,40
20111604,39
20111605,36
20111606,71
20111607,45
20111608,67
20111609,37
20111610,42
20111701,44
20111702,41
20111703,52
20111704,41
20111705,43
20111706,51
20111707,48
20111708,48
20111801,37
20111802,46
20111803,55
20111804,58
20111805,58
20111806,116
20111807,29
20111808,38
20111809,32
20111901,40
20111902,41
20111903,41
20111904,46
20111905,41
20111906,41
20111907,51
20111908,39
20111909,54
20112001,50
20112002,44
20112003,49
20112004,47
20112005,58
20112006,39
20112007,41
20112008,29
20112009,89
20112010,50
20112011,33
20112101,46
20112102,36
20112103,69
20112104,54
20112105,72
20112106,31
20112107,42
20112108,34
20112109,39
20112110,47
20112111,62
20112201,65
20112202,46
20112203,65
20112204,29
20112205,61
20112206,69
20112207,71
20112208,43
20112209,53
20112210,53
20112211,53
20120101,47
20120102,53
20120103,43
20120104,49
20120105,33
20120106,43
20120107,107
20120108,29
20120109,54
20120110,63
20120111,60
20120201,53
20120202,55
20120203,56
20120204,85
20120205,80
20120206,55
20120207,44
20120208,64
20120301,11
20120302,33
20120303,53
20120304,61
20120305,46
20120306,1
20120307,67
20120308,36
20120309,43
20120310,92
20120311,66
20120401,61
20120402,55
20120403,96
20120404,86
20120405,61
20120406,73
20120407,148
20120408,89
20120409,55
20120410,64
20120501,57
20120502,65
20120503,231
20120504,98
20120505,96
20120506,86
20120507,111
20120508,154
20120509,78
20120510,75
20120511,86
20120601,68
20120602,54
20120603,61
20120604,88
20120605,95
20120606,104
20120607,75
20120608,71
20120609,73
20120610,64
20120701,65
20120702,87
20120703,87
20120704,108
20120705,99
20120706,84
20120707,91
20120708,110
20120709,198
20120710,152
20120801,175
20120802,77
20120803,99
20120804,80
20120805,76
20120806,101
20120807,109
20120808,159
20120809,146
20120810,122
20120811,104
20120901,59
20120902,72
20120903,65
20120904,81
20120905,49
20120906,74
20120907,56
20121001,80
20121002,103
20121003,51
20121004,62
20121005,95
20121006,78
20121007,75
20121008,140
20121009,68
20121010,56
20121011,91
20121101,72
20121102,43
20121103,41
20121104,89
20121105,51
20121106,84
20121107,91
20121108,111
20121109,125
20121110,108
20121111,71
20121201,70
20121202,165
20121203,174
20121204,77
20121205,98
20121206,78
20121207,76
20121208,58
20121301,111
20121302,90
20121303,249
20121304,138
20121305,135
20121306,105
20121307,50
20121401,81
20121402,101
20121403,108
20121404,121
20121405,122
20121406,115
20121407,127
20121408,160
20121409,112
20121410,128
20121501,71
20121502,101
20121503,116
20121504,113
20121505,124
20121506,110
20121507,129
20121508,98
20121509,149
20121510,53
20121511,81
20121512,81
20121513,91
20121601,110
20121602,90
20121603,106
20121604,142
20121605,189
20121606,222
20121607,64
20121608,150
20121609,123
20121610,69
20121611,79
20121612,69
20121613,49
20121614,27
20121701,53
20121702,65
20121703,64
20121704,65
20121705,95
20121706,82
20121707,68
20121708,141
20121801,35
20121802,41
20121803,43
20121804,39
20121805,46
20121806,41
20121807,45
20121808,43
20121809,55
20121810,53
20121811,51
20121812,110
20121813,61
20121901,21
20121902,23
20121903,25
20121904,39
20121905,63
20121906,56
20121907,56
20121908,82
20121909,54
20121910,76
20121911,60
20121912,68
20121913,61
20122001,61
20122002,126
20122003,88
20122004,99
20122005,100
20122006,67
20122007,54
20122008,58
20122101,107
20122102,100
20122103,72
20122104,91
20122105,57
20122106,67
20122107,67
20122108,72
20122109,44
20122110,34
20122201,52
20122202,62
20122203,41
20122204,52
20122205,73
20122206,70
20122207,101
20122208,83
20122209,96
20122210,76
20122211,97
20130101,78
20130102,141
20130103,83
20130104,142
20130105,224
20130106,170
20130107,87
20130108,89
20130109,67
20130110,104
20130111,111
20130112,78
20130113,90
20130114,74
20130201,150
20130202,115
20130203,64
20130204,84
20130205,157
20130206,216
20130207,88
20130208,102
20130209,183
20130210,171
20130211,128
20130301,151
20130302,102
20130303,107
20130304,182
20130305,107
20130306,103
20130307,105
20130308,94
20130309,125
20130310,191
20130401,87
20130402,121
20130403,103
20130404,109
20130405,115
20130406,135
20130407,105
20130408,88
20130409,106
20130410,62
20130411,117
20130412,248
20130413,111
20130414,96
20130501,104
20130502,116
20130503,180
20130504,142
20130505,124
20130506,198
20130507,128
20130508,191
20130601,70
20130602,151
20130603,120
20130604,160
20130605,144
20130606,117
20130607,135
20130608,99
20130701,85
20130702,64
20130703,167
20130704,119
20130705,143
20130706,126
20130707,126
20130708,118
20130709,150
20130801,131
20130802,99
20130803,157
20130804,165
20130805,208
20130806,113
20130807,133
20130808,144
20130809,113
20130810,92
20130901,107
20130902,107
20130903,91
20130904,99
20130905,222
20130906,126
20130907,129
20130908,144
20130909,172
20130910,88
20131001,181
20131002,184
20131003,144
20131004,165
20131005,83
20131006,140
20131007,135
20131008,157
20131009,89
20131010,120
20131011,107
20131101,78
20131102,103
20131103,75
20131104,89
20131105,68
20131106,153
20131107,104
20131201,108
20131202,134
20131203,86
20131204,204
20131205,127
20131206,88
20131207,100
20131208,96
20131209,187
20131210,78
20131301,214
20131302,34
20131303,91
20131304,139
20131305,143
20131306,39
20131307,118
20131308,134
20131309,149
20131310,174
20131311,113
20131312,181
20131313,260
20131314,161
20131401,169
20131402,68
20131403,138
20131404,127
20131405,86
20131406,159
20131407,70
20131408,111
20131409,105
20131410,159
20131411,154
20131501,114
20131502,126
20131503,116
20131504,74
20131505,147
20131506,115
20131507,130
20131508,144
20131509,150
20131510,105
20131511,104
20131512,136
20131601,128
20131602,148
20131603,81
20131604,136
20131605,75
20131606,44
20131607,128
20131608,120
20131609,140
20131610,123
20131611,126
20131612,114
20131613,80
20131701,139
20131702,175
20131703,126
20131704,92
20131705,122
20131706,143
20131707,165
20131708,123
20131709,178
20131710,181
20131711,88
20131801,91
20131802,131
20131803,128
20131804,102
20131805,128
20131806,112
20131807,192
20131808,149
20131809,83
20131810,127
20131901,131
20131902,162
20131903,135
20131904,104
20131905,172
20131906,71
20131907,106
20131908,131
20131909,144
20131910,142
20131911,87
20131912,120
20132001,114
20132002,147
20132003,77
20132004,130
20132005,113
20132006,160
20132007,154
20132008,161
20132009,96
20132010,98
20132011,125
20132012,113
20132101,120
20132102,59
20132103,119
20132104,186
20132105,149
20132106,160
20132107,221
20132108,162
20132109,168
20132110,190
20132201,112
20132202,99
20132203,92
20132204,180
20132205,222
20132206,199
20132207,205
20132208,193
20132209,85
20132301,221
20132302,100
20132303,209
20132304,100
20132305,93
20132306,131
20132307,93
20132308,180
20132309,188
20132310,90
20132311,147
20132401,87
20132402,109
20132403,102
20132404,164
20132405,99
20132406,97
20132407,117
20132408,112
20132409,137
20132410,110
20132501,90
20132502,89
20132503,105
20132504,82
20132505,63
20132506,81
20132507,122
20132508,104
20132601,106
20132602,87
20132603,102
20132604,106
20132605,99
20132606,69
20132607,55
20132608,47
20132609,62
20132610,140
20132611,80
20132701,70
20132702,158
20132703,155
20132704,163
20132705,117
20132706,190
20132707,190
20132708,126
20132709,168
20132801,59
20132802,61
20132803,123
20132804,60
20132805,75
20132806,144
20132807,146
20132808,193
20132809,128
20132810,105
20132901,85
20132902,69
20132903,71
20132904,121
20132905,101
20132906,79
20132907,102
20132908,126
20132909,33
20132910,57
20132911,115
20140101,77
20140102,81
20140103,156
20140104,197
20140105,260
20140106,208
20140107,160
20140108,158
20140109,178
20140110,213
20140201,242
20140202,126
20140203,190
20140204,127
20140205,128
20140206,136
20140207,138
20140208,179
20140209,186
20140210,216
20140301,336
20140302,111
20140303,83
20140304,127
20140305,161
20140306,70
20140307,157
20140308,166
20140309,204
20140310,144
20140311,126
20140312,124
20140401,186
20140402,114
20140403,125
20140404,121
20140405,159
20140406,172
20140407,185
20140408,226
20140409,171
20140410,294
20140501,54
20140502,103
20140503,171
20140504,115
20140505,191
20140506,88
20140507,96
20140508,58
20140509,266
20140510,233
20140601,231
20140602,163
20140603,134
20140604,152
20140605,126
20140606,171
20140607,109
20140608,92
20140609,141
20140610,58
20140701,84
20140702,118
20140703,87
20140704,175
20140705,78
20140706,85
20140707,66
20140708,58
20140709,66
20140801,155
20140802,111
20140803,44
20140804,70
20140805,151
20140806,125
20140807,90
20140808,82
20140809,198
20140901,239
20140902,128
20140903,236
20140904,238
20140905,89
20140906,133
20140907,129
20140908,187
20140909,165
20140910,230
20140911,148
20140912,159
20140913,165
20141001,1
20141101,161
20141102,253
20141103,126
20141104,138
20141105,196
20141106,197
20141107,117
20141108,238
20141109,138
20141110,67
20141111,87
20141112,144
20141113,190
20141114,106
20141201,71
20141202,101
20141203,88
20141204,87
20141205,133
20141206,94
20141207,46
20141208,66
20141209,89
20141210,137
20141211,84
20141301,44
20141302,85
20141303,128
20141304,67
20141305,89
20141306,76
20141307,39
20141308,75
20141309,98
20141310,79
20141311,63
20141312,69
20141401,168
20141402,117
20141403,165
20141404,58
20141405,53
20141406,61
20141407,70
20141408,137
20141409,200
20141410,131
20141411,155
20141501,107
20141502,116
20141503,126
20141504,135
20141505,139
20141506,148
20141507,132
20141508,346
20141601,314
20141602,166
20141603,283
20141604,225
20141605,167
20141606,57
20141607,139
20141701,187
20141702,181
20141703,217
20141704,72
20141705,158
20141706,130
20141707,136
20141708,297
20141801,149
20141802,147
20141803,233
20141804,175
20141805,208
20141806,135
20141807,112
20141808,184
20141901,94
20141902,200
20141903,243
20141904,252
20141905,273
20142001,239
20142002,255
20142003,175
20142004,143
20142005,132
20142006,93
20142007,55
20142101,125
20142102,78
20142103,53
20142104,80
20142105,49
20142106,87
20142107,99
20142108,94
20142109,90
20142110,62
20142111,73
20142201,112
20142202,119
20142203,76
20142204,103
20142205,115
20142206,145
20142207,82
20142208,76
20142209,133
20142210,111
20142301,107
20142302,81
20142303,88
20142304,164
20142305,211
20142306,71
20142307,95
20142308,148
20142309,163
20142310,113
20142311,115
20142401,128
20142402,84
20142403,102
20142404,68
20142405,142
20142406,108
20142407,131
20142408,94
20142409,150
20142501,153
20142502,82
20142503,142
20142504,119
20142505,85
20142506,118
20142507,132
20142508,127
20142509,123
20142601,218
20142602,151
20142603,72
20142604,270
20142605,195
20142606,173
20142607,223
20142701,236
20142702,242
20142703,129
20142704,172
20142705,195
20142706,81
20142707,99
20142801,133
20142802,112
20142803,142
20142804,111
20142805,114
20142806,158
20142807,152
20142808,104
20142809,102
20142810,196
20142811,190
20142812,119
20142901,129
20142902,119
20142903,122
20142904,147
20142905,109
20142906,193
20142907,172
20142908,130
20142909,139
20142910,174
20142911,136
20143001,163
20143002,193
20143003,218
20143004,166
20143005,190
20143006,122
20143007,91
20143008,355
20143009,273
20143101,111
20143102,168
20143103,127
20143104,127
20143105,122
20143106,210
20143107,173
20143108,148
20143109,136
20143110,103
20143111,92
20143112,120
20150101,108
20150102,70
20150103,44
20150104,61
20150105,61
20150106,49
20150107,56
20150108,52
20150109,65
20150110,59
20150111,37
20150112,38
20150201,51
20150202,65
20150203,75
20150204,65
20150205,49
20150206,47
20150207,66
20150208,46
20150209,33
20150210,39
20150301,56
20150302,75
20150303,73
20150304,73
20150305,56
20150306,95
20150307,132
20150308,116
20150309,108
20150310,112
20150311,66
20150312,89
20150313,72
20150401,62
20150402,42
20150403,144
20150404,35
20150405,35
20150406,48
20150407,66
20150408,62
20150409,37
20150410,42
20150411,47
20150412,63
20150413,44
20150414,32
20150501,74
20150502,84
20150503,58
20150504,39
20150505,70
20150506,45
20150507,40
20150508,53
20150509,23
20150510,31
20150511,35
20150512,59
20150513,52
20150514,40
20150601,60
20150602,63
20150603,65
20150604,61
20150605,45
20150606,64
20150607,53
20150701,32
20150702,13
20150703,20
20150704,20
20150705,31
20150706,16
20150707,39
20150708,31
20150709,36
20150710,54
20150711,42
20150712,37
20150801,27
20150802,16
20150803,51
20150804,26
20150805,42
20150806,49
20150807,54
20150808,44
20150809,64
20150810,71
20150901,47
20150902,27
20150903,61
20150904,14
20150905,30
20150906,17
20150907,24
20150908,37
20151001,119
20151002,76
20151003,96
20151004,70
20151005,78
20151006,47
20151007,119
20151008,51
20151009,65
20151010,70
20151011,70
20151012,74
20151013,78
20151101,63
20151102,140
20151103,71
20151104,58
20151105,49
20151106,46
20151107,40
20151108,64
20151109,85
20151110,45
20151111,151
20151112,108
20151113,72
20151201,49
20151202,55
20151203,62
20151204,60
20151205,86
20151206,48
20151207,34
20151208,72
20151209,42
20151301,68
20151302,57
20151303,67
20151304,73
20151305,49
20151306,62
20151307,86
20151308,50
20151309,103
20151310,75
20151401,70
20151402,90
20151403,60
20151404,87
20151405,97
20151406,83
20151407,168
20151408,48
20151409,41
20151410,48
20151411,57
20151501,57
20151502,51
20151503,99
20151504,44
20151505,19
20151506,35
20151507,34
20151508,37
20151509,112
20151510,67
20151601,59
20151602,55
20151603,88
20151604,65
20151605,46
20151606,54
20151607,81
20151608,94
20151609,77
20151610,73
20151611,68
20151701,83
20151702,79
20151703,86
20151704,94
20151705,92
20151706,72
20151707,58
20151708,63
20151709,69
20151710,99
20151711,91
20151712,91
20151801,54
20151802,39
20151803,66
20151804,53
20151805,49
20151806,60
20151807,114
20151808,62
20151809,52
20151810,62
20151811,88
20151812,72
20151813,66
20151901,60
20151902,81
20151903,79
20151904,99
20151905,98
20151906,82
20151907,96
20151908,66
20151909,99
20151910,125
20151911,79
20152001,107
20152002,82
20152003,86
20152004,69
20152005,66
20152006,71
20152007,79
20152008,72
20152009,41
20152010,87
20152011,71
20152012,79
20152101,92
20152102,125
20152103,67
20152104,109
20152105,38
20152106,116
20152107,48
20152108,72
20152109,86
20152110,92
20152111,128
20152112,44
20152113,100
